-- =============================================================
-- V5__seed_additional_data.sql
-- Extra sample authors, books and genres
-- =============================================================

-- 1. ADDITIONAL GENRES ------------------------------------------------
INSERT INTO genres (id, name)
VALUES (8, 'Биография'),
       (9, 'Поэзия'),
       (10, 'Драма'),
       (11, 'Триллер'),
       (12, 'Философия'),
       (13, 'Психология'),
       (14, 'Саморазвитие'),
       (15, 'Юмор'),
       (16, 'Публицистика'),
       (17, 'Деловая литература'),
       (18, 'Детская литература'),
       (19, 'Путешествия'),
       (20, 'Ужасы'),
       (21, 'Киберпанк'),
       (22, 'Сказка'),
       (23, 'Мистика'),
       (24, 'Комиксы'),
       (25, 'Энциклопедия'),
       (26, 'Кулинария'),
       (27, 'Сатира'),
       (28, 'Религия'),
       (29, 'Искусство'),
       (30, 'Политика');

-- 2. ADDITIONAL AUTHORS -----------------------------------------------
INSERT INTO authors (id, first_name, last_name, bio, birthdate, country)
VALUES (4, 'Александр', 'Пушкин', 'Известный писатель.', '1799-06-06', 'Россия'),
       (7, 'Лев', 'Толстой', 'Известный писатель.', '1828-09-09', 'Россия'),
       (8, 'Мигель', 'Сервантес', 'Известный писатель.', '1547-09-29', 'Испания'),
       (9, 'Виктор', 'Гюго', 'Известный писатель.', '1802-02-26', 'Франция'),
       (10, 'Чарльз', 'Диккенс', 'Известный писатель.', '1812-02-07', 'Великобритания'),
       (11, 'Марк', 'Твен', 'Известный писатель.', '1835-11-30', 'США'),
       (12, 'Джейн', 'Остин', 'Известный писатель.', '1775-12-16', 'Великобритания'),
       (13, 'Эрнест', 'Хемингуэй', 'Известный писатель.', '1899-07-21', 'США'),
       (14, 'Джек', 'Лондон', 'Известный писатель.', '1876-01-12', 'США'),
       (15, 'Агата', 'Кристи', 'Известный писатель.', '1890-09-15', 'Великобритания'),
       (16,'Артур', 'Конан Дойл', 'Известный писатель.', '1859-05-22', 'Великобритания'),
       (17,'Рэй', 'Брэдбери', 'Известный писатель.', '1920-08-22', 'США'),
       (18,'Джон', 'Толкин', 'Известный писатель.', '1892-01-03', 'Великобритания'),
       (19,'Михаил', 'Булгаков', 'Известный писатель.', '1891-05-15', 'Россия'),
       (20,'Николай', 'Гоголь', 'Известный писатель.', '1809-03-31', 'Россия'),
       (21,'Герман', 'Мелвилл', 'Известный писатель.', '1819-08-01', 'США'),
       (22,'Франц', 'Кафка', 'Известный писатель.', '1883-07-03', 'Чехия'),
       (23,'Эдгар', 'По', 'Известный писатель.', '1809-01-19', 'США'),
       (24, 'Джордж', 'Мартин', 'Известный писатель.', '1948-09-20', 'США'),
       (25, 'Джек', 'Керуак', 'Известный писатель.', '1922-03-12', 'США'),
       (26, 'Иван', 'Тургенев', 'Известный писатель.', '1818-11-09', 'Россия'),
       (27, 'Стивен', 'Кинг', 'Известный писатель.', '1947-09-21', 'США'),
       (28, 'Джером', 'Сэлинджер', 'Известный писатель.', '1919-01-01', 'США'),
       (29, 'Мэри', 'Шелли', 'Известный писатель.', '1797-08-30', 'Великобритания'),
       (30, 'Александр', 'Дюма', 'Известный писатель.', '1802-07-24', 'Франция'),
       (31, 'Оскар', 'Уайльд', 'Известный писатель.', '1854-10-16', 'Ирландия'),
       (32, 'Жюль', 'Верн', 'Известный писатель.', '1828-02-08', 'Франция'),
       (33, 'Антон', 'Чехов', 'Известный писатель.', '1860-01-29', 'Россия'),
       (34, 'Уильям', 'Шекспир', 'Известный писатель.', '1564-04-26', 'Великобритания');

-- 3. ADDITIONAL BOOKS -------------------------------------------------
INSERT INTO books (id, title, description, language_code, isbn, published_at, cover_image_url, price, currency, sold_count)
VALUES (4, 'Евгений Онегин', 'Роман в стихах.', 'RU', '9780000000101', '1833-01-01',
        'https://cdn.azbooka.ru/cv/w1100/8fb16b40-17d4-43fa-b3fa-20238b342ad3.jpg', 12.50, 'USD', 0),
       (6, 'Капитанская дочка', 'Исторический роман.', 'RU', '9780000000102', '1836-01-01',
        'https://encrypted-tbn0.gstatic.com/images?q=tbn:ANd9GcRbcb4zYWbl5vwclFgTg1EuPY9G7zvhOmkbHw&s', 10.00, 'USD',
        0),
       (7, 'Война и мир', 'Исторический роман.', 'RU', '9780000000103', '1869-01-01',
        'https://images-na.ssl-images-amazon.com/images/S/compressed.photo.goodreads.com/books/1697851713i/195589328.jpg',
        19.99, 'USD', 0),
       (8, 'Анна Каренина', 'Роман.', 'RU', '9780000000104', '1878-01-01',
        'https://simg.marwin.kz/media/catalog/product/cache/8d1771fdd19ec2393e47701ba45e606d/c/o/cover1__w600_55_177.jpg',
        15.00, 'USD', 0),
       (12, 'Преступление и наказание', 'Роман.', 'RU', '9780000000105', '1866-01-01',
        'https://simg.marwin.kz/media/catalog/product/cache/8d1771fdd19ec2393e47701ba45e606d/c/o/cover1__w600_135_916.jpg',
        14.50, 'USD', 0),
       (16, 'Братья Карамазовы', 'Философский роман.', 'RU', '9780000000106', '1880-01-01',
        'https://images-na.ssl-images-amazon.com/images/S/compressed.photo.goodreads.com/books/1475539872i/23208486.jpg',
        16.00, 'USD', 0),
       (17, 'Дон Кихот', 'Приключенческий роман.', 'EN', '9780000000107', '1615-01-01',
        'https://m.media-amazon.com/images/I/91XwkR9xdfL._UF1000,1000_QL80_.jpg', 18.00, 'USD', 0),
       (18, 'Отверженные', 'Исторический роман.', 'EN', '9780000000108', '1862-01-01',
        'https://cdn.azbooka.ru/cv/w1100/8e4f70bd-f412-4f3c-a9cf-b1755601fb97.jpg', 17.50, 'USD', 0),
       (19, 'Приключения Тома Сойера', 'Приключенческий роман.', 'EN', '9780000000109', '1876-01-01',
        'https://s.f.kz/prod/2940/2939327_1000.jpg', 8.00, 'USD', 0),
       (20, 'Приключения Гекльберри Финна', 'Приключенческий роман.', 'EN', '9780000000110', '1884-01-01',
        'https://example.com/covers/book13.jpg', 8.50, 'USD', 0),
       (21, 'Гордость и предубеждение', 'Роман.', 'EN', '9780000000111', '1813-01-01',
        'https://example.com/covers/book14.jpg', 9.99, 'USD', 0),
       (22, 'Старик и море', 'Повесть.', 'EN', '9780000000112', '1952-01-01', 'https://example.com/covers/book15.jpg', 6.50,
        'USD', 0),
       (23, 'По ком звонит колокол', 'Роман.', 'EN', '9780000000113', '1940-01-01', 'https://example.com/covers/book16.jpg',
        11.00, 'USD', 0),
       (24, 'Зов предков', 'Приключенческая повесть.', 'EN', '9780000000114', '1903-01-01',
        'https://example.com/covers/book17.jpg', 7.00, 'USD', 0),
       (25, 'Белый Клык', 'Повесть.', 'EN', '9780000000115', '1906-01-01', 'https://example.com/covers/book18.jpg', 7.50,
        'USD', 0),
       (26, 'Убийство в Восточном экспрессе', 'Детективный роман.', 'EN', '9780000000116', '1934-01-01',
        'https://example.com/covers/book19.jpg', 13.00, 'USD', 0),
       (27, 'Десять негритят', 'Детективный роман.', 'EN', '9780000000117', '1939-01-01',
        'https://example.com/covers/book20.jpg', 13.50, 'USD', 0),
       (28, 'Собака Баскервилей', 'Детектив.', 'EN', '9780000000118', '1902-01-01', 'https://example.com/covers/book21.jpg',
        12.00, 'USD', 0),
       (29, '451 градус по Фаренгейту', 'Фантастический роман.', 'EN', '9780000000119', '1953-01-01',
        'https://example.com/covers/book22.jpg', 14.00, 'USD', 0),
       (30, 'Властелин колец', 'Фэнтези.', 'EN', '9780000000120', '1954-01-01', 'https://example.com/covers/book23.jpg',
        19.50, 'USD', 0),
       (31, 'Хоббит', 'Фэнтези.', 'EN', '9780000000121', '1937-01-01', 'https://example.com/covers/book24.jpg', 9.00, 'USD',
        0),
       (32, 'Мастер и Маргарита', 'Мистический роман.', 'RU', '9780000000122', '1967-01-01',
        'https://example.com/covers/book25.jpg', 16.50, 'USD', 0),
       (33, 'Мёртвые души', 'Роман.', 'RU', '9780000000123', '1842-01-01', 'https://example.com/covers/book26.jpg', 10.50,
        'USD', 0),
       (34, 'Моби Дик', 'Приключенческий роман.', 'EN', '9780000000124', '1851-01-01',
        'https://example.com/covers/book27.jpg', 15.50, 'USD', 0),
       (35, 'Процесс', 'Роман.', 'EN', '9780000000125', '1925-01-01', 'https://example.com/covers/book28.jpg', 11.50, 'USD',
        0),
       (36, 'Падение дома Ашеров', 'Повесть.', 'EN', '9780000000126', '1839-01-01', 'https://example.com/covers/book29.jpg',
        5.50, 'USD', 0),
       (37, 'Игра престолов', 'Фэнтези.', 'EN', '9780000000127', '1996-01-01', 'https://example.com/covers/book30.jpg',
        18.50, 'USD', 0),
       (38, 'Отцы и дети', 'Роман.', 'RU', '9780000000128', '1862-01-01', 'https://example.com/covers/book31.jpg', 9.50,
        'USD', 0),
       (39, 'Сияние', 'Ужасы.', 'EN', '9780000000129', '1977-01-01', 'https://example.com/covers/book32.jpg', 17.00, 'USD',
        0),
       (40, 'Зелёная миля', 'Роман.', 'EN', '9780000000130', '1996-01-01', 'https://example.com/covers/book33.jpg', 16.80,
        'USD', 0),
       (41, 'Над пропастью во ржи', 'Роман.', 'EN', '9780000000131', '1951-01-01', 'https://example.com/covers/book34.jpg',
        10.80, 'USD', 0),
       (42, 'Франкенштейн', 'Роман ужасов.', 'EN', '9780000000132', '1818-01-01', 'https://example.com/covers/book35.jpg',
        8.80, 'USD', 0),
       (43, 'Три мушкетёра', 'Приключенческий роман.', 'EN', '9780000000133', '1844-01-01',
        'https://example.com/covers/book36.jpg', 14.80, 'USD', 0),
       (44, 'Граф Монте-Кристо', 'Приключенческий роман.', 'EN', '9780000000134', '1844-01-01',
        'https://example.com/covers/book37.jpg', 15.80, 'USD', 0),
       (45, 'Портрет Дориана Грея', 'Философский роман.', 'EN', '9780000000135', '1890-01-01',
        'https://example.com/covers/book38.jpg', 12.80, 'USD', 0),
       (46, '20000 лье под водой', 'Приключенческий роман.', 'EN', '9780000000136', '1870-01-01',
        'https://example.com/covers/book39.jpg', 13.80, 'USD', 0),
       (47, 'Вокруг света за 80 дней', 'Приключенческий роман.', 'EN', '9780000000137', '1873-01-01',
        'https://example.com/covers/book40.jpg', 11.80, 'USD', 0),
       (48, 'Вишнёвый сад', 'Пьеса.', 'RU', '9780000000138', '1904-01-01', 'https://example.com/covers/book41.jpg', 7.80,
        'USD', 0),
       (49, 'Гамлет', 'Трагедия.', 'EN', '9780000000139', '1603-01-01', 'https://example.com/covers/book42.jpg', 6.80,
        'USD', 0),
               (50, 'Ромео и Джульетта', 'Трагедия.', 'EN', '9780000000140', '1597-01-01', 'https://example.com/covers/book43.jpg',
        5.80, 'USD', 0);


-- 4. BOOK TO AUTHOR LINKS --------------------------------------------
INSERT INTO book_authors (book_id, author_id)
VALUES (4, 4),
       (6, 4),
       (17, 7),
       (18, 8),
       (19, 10),
       (20, 10),
       (21, 11),
       (22, 12),
       (23, 12),
       (24, 13),
       (25, 13),
       (26, 14),
       (27, 14),
       (28, 15),
       (29, 16),
       (30, 17),
       (31, 17),
       (32, 18),
       (33, 19),
       (34, 20),
       (35, 21),
       (36, 22),
       (37, 23),
       (38, 25),
       (39, 26),
       (40, 26),
       (41, 27),
       (42, 28),
       (43, 29),
       (44, 29),
       (45, 30),
       (46, 31),
       (47, 31),
       (48, 32),
       (49, 33),
       (50, 33);

-- 5. BOOK TO GENRE LINKS ---------------------------------------------
INSERT INTO book_genres (book_id, genre_id)
VALUES (4, 3),
       (6, 4),
       (7, 4),
       (8, 3),
       (12, 3),
       (16, 12),
       (17, 6),
       (18, 4),
       (19, 6),
       (20, 6),
       (21, 3),
       (22, 6),
       (23, 4),
       (24, 6),
       (25, 6),
       (26, 2),
       (27, 2),
       (28, 2),
       (29, 1),
       (30, 7),
       (31, 7),
       (32, 23),
       (33, 27),
       (34, 6),
       (35, 12),
       (36, 20),
       (37, 7),
       (38, 3),
       (39, 20),
       (40, 10),
       (41, 3),
       (42, 20),
       (43, 6),
       (44, 6),
       (45, 12),
       (46, 6),
       (47, 6),
       (48, 10),
       (49, 10),
       (50, 3);

-- =============================================================
-- End V5__seed_additional_data.sql
-- =============================================================
